R2_Score,RMSE,MAE,MAPE
0.8608937585061808,7.492715019447613,5.524691557924083,0.15042795060823674
