R2_Score,RMSE,MAE,MAPE
0.8607187167662406,7.485855989958226,5.5111895015550045,0.15116409746563977
