R2_Score,RMSE,MAE,MAPE
0.8565586471488955,7.578489895216128,5.565778921882656,0.1501366042434155
