R2_Score,RMSE,MAE,MAPE
0.858810071183326,7.515113620096886,5.542478904734088,0.15193289990549788
