R2_Score,RMSE,MAE,MAPE
0.8599064393666586,7.500193087098222,5.530269656782104,0.15112834608782474
