R2_Score,RMSE,MAE,MAPE
0.8615776032507041,7.485836248817586,5.5449756079031625,0.15148125127030668
